Nathan;Hill;nathan.hill@campusnet.edu
Victor;Peake;victor.peake@campusnet.edu
William;MacLeod;william.macleod@campusnet.edu
Wanda;Ross;wanda.ross@campusnet.edu
Rachel;Kelly;rachel.kelly@campusnet.edu
Una;Grant;una.grant@campusnet.edu
Amelia;Miller;amelia.miller@campusnet.edu
Sonia;Lawrence;sonia.lawrence@campusnet.edu
Alexander;Slater;alexander.slater@campusnet.edu
Jake;Mackay;jake.mackay@campusnet.edu
Amy;Hamilton;amy.hamilton@campusnet.edu
Amelia;Hunter;amelia.hunter@campusnet.edu
Ian;Dickens;ian.dickens@campusnet.edu
Ruth;Hughes;ruth.hughes@campusnet.edu
Alexander;Rees;alexander.rees@campusnet.edu
Diane;Watson;diane.watson@campusnet.edu
Sally;Ince;sally.ince@campusnet.edu
Isaac;Gill;isaac.gill@campusnet.edu
Christian;Metcalfe;christian.metcalfe@campusnet.edu
Victor;North;victor.north@campusnet.edu
Brian;Bailey;brian.bailey@campusnet.edu
Alan;Jackson;alan.jackson@campusnet.edu
Harry;May;harry.may@campusnet.edu
Stephanie;Dowd;stephanie.dowd@campusnet.edu
Brian;Burgess;brian.burgess@campusnet.edu
Christopher;Pullman;christopher.pullman@campusnet.edu
Leah;James;leah.james@campusnet.edu
Felicity;Clark;felicity.clark@campusnet.edu
Maria;Turner;maria.turner@campusnet.edu
Victoria;Blake;victoria.blake@campusnet.edu
Sebastian;Springer;sebastian.springer@campusnet.edu
Dorothy;Martin;dorothy.martin@campusnet.edu
Alison;Cornish;alison.cornish@campusnet.edu
Katherine;Lee;katherine.lee@campusnet.edu
Joanne;Taylor;joanne.taylor@campusnet.edu
Amy;Short;amy.short@campusnet.edu
Amanda;Miller;amanda.miller@campusnet.edu
Theresa;Robertson;theresa.robertson@campusnet.edu
Claire;Gill;claire.gill@campusnet.edu
Warren;Fraser;warren.fraser@campusnet.edu
Michael;Henderson;michael.henderson@campusnet.edu
Stephanie;MacLeod;stephanie.macleod@campusnet.edu
Thomas;Lyman;thomas.lyman@campusnet.edu
Michelle;Gill;michelle.gill@campusnet.edu
Julia;Cornish;julia.cornish@campusnet.edu
Steven;Alsop;steven.alsop@campusnet.edu
Joseph;Murray;joseph.murray@campusnet.edu
Zoe;Ellison;zoe.ellison@campusnet.edu
Andrea;Lambert;andrea.lambert@campusnet.edu
Alison;Rampling;alison.rampling@campusnet.edu
Warren;Poole;warren.poole@campusnet.edu
Warren;Jones;warren.jones@campusnet.edu
Oliver;Newman;oliver.newman@campusnet.edu
Adam;Walker;adam.walker@campusnet.edu
Rachel;Hudson;rachel.hudson@campusnet.edu
Connor;Grant;connor.grant@campusnet.edu
John;Vance;john.vance@campusnet.edu
Natalie;Kelly;natalie.kelly@campusnet.edu
Hannah;Lee;hannah.lee@campusnet.edu
Jacob;Wallace;jacob.wallace@campusnet.edu
Ian;Dowd;ian.dowd@campusnet.edu
Sonia;Sharp;sonia.sharp@campusnet.edu
Evan;Fraser;evan.fraser@campusnet.edu
Benjamin;Short;benjamin.short@campusnet.edu
Vanessa;Ellison;vanessa.ellison@campusnet.edu
Stephanie;Randall;stephanie.randall@campusnet.edu
Alexander;Nolan;alexander.nolan@campusnet.edu
Neil;Roberts;neil.roberts@campusnet.edu
Penelope;Allan;penelope.allan@campusnet.edu
Audrey;Mitchell;audrey.mitchell@campusnet.edu
Jasmine;Peake;jasmine.peake@campusnet.edu
Stewart;Dowd;stewart.dowd@campusnet.edu
Max;Lee;max.lee@campusnet.edu
Emma;Gibson;emma.gibson@campusnet.edu
James;Marshall;james.marshall@campusnet.edu
Charles;Nash;charles.nash@campusnet.edu
Wendy;Lambert;wendy.lambert@campusnet.edu
Bella;Henderson;bella.henderson@campusnet.edu
Samantha;Glover;samantha.glover@campusnet.edu
John;Hemmings;john.hemmings@campusnet.edu
Rebecca;Russell;rebecca.russell@campusnet.edu
Claire;King;claire.king@campusnet.edu
Dylan;Kerr;dylan.kerr@campusnet.edu
Jasmine;Lawrence;jasmine.lawrence@campusnet.edu
Sonia;Russell;sonia.russell@campusnet.edu
Dominic;Robertson;dominic.robertson@campusnet.edu
Victor;Henderson;victor.henderson@campusnet.edu
Keith;Chapman;keith.chapman@campusnet.edu
Kylie;Tucker;kylie.tucker@campusnet.edu
Katherine;Brown;katherine.brown@campusnet.edu
Stephanie;Black;stephanie.black@campusnet.edu
Richard;Bailey;richard.bailey@campusnet.edu
Boris;Morgan;boris.morgan@campusnet.edu
Jasmine;Quinn;jasmine.quinn@campusnet.edu
Ryan;Jackson;ryan.jackson@campusnet.edu
Gavin;Bell;gavin.bell@campusnet.edu
Benjamin;Nash;benjamin.nash@campusnet.edu
Justin;Wright;justin.wright@campusnet.edu
Liam;Chapman;liam.chapman@campusnet.edu
Nicholas;Henderson;nicholas.henderson@campusnet.edu
Anthony;Gray;anthony.gray@campusnet.edu
Neil;Poole;neil.poole@campusnet.edu
Colin;Paterson;colin.paterson@campusnet.edu
Yvonne;Manning;yvonne.manning@campusnet.edu
Penelope;Harris;penelope.harris@campusnet.edu
Irene;Edmunds;irene.edmunds@campusnet.edu
Liam;Robertson;liam.robertson@campusnet.edu
Ian;Churchill;ian.churchill@campusnet.edu
Abigail;Murray;abigail.murray@campusnet.edu
Luke;Hill;luke.hill@campusnet.edu
Heather;Morrison;heather.morrison@campusnet.edu
Angela;Mackay;angela.mackay@campusnet.edu
Lily;MacDonald;lily.macdonald@campusnet.edu
Lauren;Simpson;lauren.simpson@campusnet.edu
Benjamin;Berry;benjamin.berry@campusnet.edu
Christopher;MacDonald;christopher.macdonald@campusnet.edu
Nicola;Butler;nicola.butler@campusnet.edu
Vanessa;Underwood;vanessa.underwood@campusnet.edu
Jake;Greene;jake.greene@campusnet.edu
Chloe;Wilson;chloe.wilson@campusnet.edu
Andrew;Churchill;andrew.churchill@campusnet.edu
Dylan;Duncan;dylan.duncan@campusnet.edu
Tim;McDonald;tim.mcdonald@campusnet.edu
Edward;Cornish;edward.cornish@campusnet.edu
Alison;Payne;alison.payne@campusnet.edu
Sam;Sharp;sam.sharp@campusnet.edu
Sam;Cameron;sam.cameron@campusnet.edu
Gordon;Knox;gordon.knox@campusnet.edu
Diane;Jones;diane.jones@campusnet.edu
Christian;Oliver;christian.oliver@campusnet.edu
Brian;Rampling;brian.rampling@campusnet.edu
Virginia;Fraser;virginia.fraser@campusnet.edu
Elizabeth;Bell;elizabeth.bell@campusnet.edu
Neil;Burgess;neil.burgess@campusnet.edu
Alexandra;Bond;alexandra.bond@campusnet.edu
Joshua;Kelly;joshua.kelly@campusnet.edu
Leonard;Allan;leonard.allan@campusnet.edu
Owen;Springer;owen.springer@campusnet.edu
Gabrielle;Metcalfe;gabrielle.metcalfe@campusnet.edu
Bella;Miller;bella.miller@campusnet.edu
Sam;Gill;sam.gill@campusnet.edu
Jake;Abraham;jake.abraham@campusnet.edu
Olivia;Kelly;olivia.kelly@campusnet.edu
Boris;Walker;boris.walker@campusnet.edu
Dorothy;Parr;dorothy.parr@campusnet.edu
Megan;Ince;megan.ince@campusnet.edu
Grace;Welch;grace.welch@campusnet.edu
Audrey;Ellison;audrey.ellison@campusnet.edu
Kylie;Dickens;kylie.dickens@campusnet.edu
Andrew;Greene;andrew.greene@campusnet.edu
Megan;Buckland;megan.buckland@campusnet.edu
John;Alsop;john.alsop@campusnet.edu
Nicholas;Roberts;nicholas.roberts@campusnet.edu
Leah;Ellison;leah.ellison@campusnet.edu
Liam;Forsyth;liam.forsyth@campusnet.edu
Rose;Black;rose.black@campusnet.edu
Faith;Bell;faith.bell@campusnet.edu
Blake;Anderson;blake.anderson@campusnet.edu
Sophie;Fraser;sophie.fraser@campusnet.edu
John;Edmunds;john.edmunds@campusnet.edu
Audrey;Quinn;audrey.quinn@campusnet.edu
Ian;Edmunds;ian.edmunds@campusnet.edu
Mary;Roberts;mary.roberts@campusnet.edu
Diana;Ferguson;diana.ferguson@campusnet.edu
Keith;Sutherland;keith.sutherland@campusnet.edu
Connor;Rampling;connor.rampling@campusnet.edu
Elizabeth;Rampling;elizabeth.rampling@campusnet.edu
Tracey;Carr;tracey.carr@campusnet.edu
Yvonne;Mills;yvonne.mills@campusnet.edu
Sue;Nolan;sue.nolan@campusnet.edu
Molly;Gibson;molly.gibson@campusnet.edu
Edward;Newman;edward.newman@campusnet.edu
Michelle;Allan;michelle.allan@campusnet.edu
Molly;Fisher;molly.fisher@campusnet.edu
Dominic;Mitchell;dominic.mitchell@campusnet.edu
Victoria;Smith;victoria.smith@campusnet.edu
Karen;Jackson;karen.jackson@campusnet.edu
Anna;Mills;anna.mills@campusnet.edu
Austin;Langdon;austin.langdon@campusnet.edu
Abigail;Hunter;abigail.hunter@campusnet.edu
Leonard;North;leonard.north@campusnet.edu
Rachel;Vaughan;rachel.vaughan@campusnet.edu
Austin;Mills;austin.mills@campusnet.edu
Piers;Langdon;piers.langdon@campusnet.edu
Diana;Slater;diana.slater@campusnet.edu
Wendy;Newman;wendy.newman@campusnet.edu
Sam;Manning;sam.manning@campusnet.edu
Austin;Knox;austin.knox@campusnet.edu
Donna;Gray;donna.gray@campusnet.edu
Gavin;Greene;gavin.greene@campusnet.edu
Emma;Parr;emma.parr@campusnet.edu
Angela;Mitchell;angela.mitchell@campusnet.edu
Jack;Paige;jack.paige@campusnet.edu
Owen;Clarkson;owen.clarkson@campusnet.edu
Andrew;Metcalfe;andrew.metcalfe@campusnet.edu
Jane;Allan;jane.allan@campusnet.edu
Cameron;Hart;cameron.hart@campusnet.edu
Isaac;Mills;isaac.mills@campusnet.edu
John;Mackay;john.mackay@campusnet.edu
Jane;Terry;jane.terry@campusnet.edu
Lillian;Coleman;lillian.coleman@campusnet.edu
Jane;Anderson;jane.anderson@campusnet.edu
Julian;Davies;julian.davies@campusnet.edu
Natalie;Alsop;natalie.alsop@campusnet.edu
Pippa;James;pippa.james@campusnet.edu
Jennifer;Black;jennifer.black@campusnet.edu
Joseph;Watson;joseph.watson@campusnet.edu
Sue;Lewis;sue.lewis@campusnet.edu
Andrew;Ross;andrew.ross@campusnet.edu
Joe;Thomson;joe.thomson@campusnet.edu
Christian;Underwood;christian.underwood@campusnet.edu
Oliver;Paterson;oliver.paterson@campusnet.edu
Alexander;Arnold;alexander.arnold@campusnet.edu
Bella;Quinn;bella.quinn@campusnet.edu
Carolyn;Mills;carolyn.mills@campusnet.edu
Irene;May;irene.may@campusnet.edu
Gordon;Lawrence;gordon.lawrence@campusnet.edu
Angela;Sutherland;angela.sutherland@campusnet.edu
Keith;Peake;keith.peake@campusnet.edu
Alexander;Anderson;alexander.anderson@campusnet.edu
Amanda;Anderson;amanda.anderson@campusnet.edu
Max;Paige;max.paige@campusnet.edu
Natalie;Cornish;natalie.cornish@campusnet.edu
Joan;Ross;joan.ross@campusnet.edu
Sebastian;Glover;sebastian.glover@campusnet.edu
Sally;Walsh;sally.walsh@campusnet.edu
Gordon;Mackay;gordon.mackay@campusnet.edu
Grace;Gibson;grace.gibson@campusnet.edu
David;Bailey;david.bailey@campusnet.edu
Dominic;Morrison;dominic.morrison@campusnet.edu
Audrey;Dowd;audrey.dowd@campusnet.edu
Joanne;Sutherland;joanne.sutherland@campusnet.edu
Bernadette;Stewart;bernadette.stewart@campusnet.edu
Adam;Lyman;adam.lyman@campusnet.edu
Stewart;Peters;stewart.peters@campusnet.edu
Charles;Knox;charles.knox@campusnet.edu
Dominic;Blake;dominic.blake@campusnet.edu
Sam;Knox;sam.knox@campusnet.edu
Vanessa;Hart;vanessa.hart@campusnet.edu
Edward;Avery;edward.avery@campusnet.edu
Lily;Vance;lily.vance@campusnet.edu
Heather;Reid;heather.reid@campusnet.edu
Nathan;Ogden;nathan.ogden@campusnet.edu
Boris;Skinner;boris.skinner@campusnet.edu
Blake;Watson;blake.watson@campusnet.edu
Dylan;Piper;dylan.piper@campusnet.edu
James;Welch;james.welch@campusnet.edu
Nicola;MacDonald;nicola.macdonald@campusnet.edu
Sally;Rampling;sally.rampling@campusnet.edu
Julia;Kelly;julia.kelly@campusnet.edu
Sally;Cameron;sally.cameron@campusnet.edu
Julia;Mackay;julia.mackay@campusnet.edu
Stephanie;Russell;stephanie.russell@campusnet.edu
Brandon;Baker;brandon.baker@campusnet.edu
Joe;Ogden;joe.ogden@campusnet.edu
Abigail;Allan;abigail.allan@campusnet.edu
Carolyn;Peters;carolyn.peters@campusnet.edu
Christopher;Arnold;christopher.arnold@campusnet.edu
Katherine;Thomson;katherine.thomson@campusnet.edu
Stewart;Randall;stewart.randall@campusnet.edu
Blake;Miller;blake.miller@campusnet.edu
Trevor;Robertson;trevor.robertson@campusnet.edu
Luke;Peake;luke.peake@campusnet.edu
Ian;Hardacre;ian.hardacre@campusnet.edu
Isaac;Rampling;isaac.rampling@campusnet.edu
Caroline;Mackay;caroline.mackay@campusnet.edu
Paul;Carr;paul.carr@campusnet.edu
Liam;Oliver;liam.oliver@campusnet.edu
Jennifer;Morrison;jennifer.morrison@campusnet.edu
Thomas;Hart;thomas.hart@campusnet.edu
Trevor;Mitchell;trevor.mitchell@campusnet.edu
Katherine;Pullman;katherine.pullman@campusnet.edu
Sebastian;Thomson;sebastian.thomson@campusnet.edu
Jacob;Parsons;jacob.parsons@campusnet.edu
Karen;Arnold;karen.arnold@campusnet.edu
Adrian;Metcalfe;adrian.metcalfe@campusnet.edu
Alexander;Allan;alexander.allan@campusnet.edu
Elizabeth;Scott;elizabeth.scott@campusnet.edu
Frank;Martin;frank.martin@campusnet.edu
Andrew;Mackenzie;andrew.mackenzie@campusnet.edu
Dorothy;Randall;dorothy.randall@campusnet.edu
Sarah;Roberts;sarah.roberts@campusnet.edu
Julia;Churchill;julia.churchill@campusnet.edu
Evan;Nash;evan.nash@campusnet.edu
Wendy;Edmunds;wendy.edmunds@campusnet.edu
Sophie;Kelly;sophie.kelly@campusnet.edu
Audrey;Underwood;audrey.underwood@campusnet.edu
Alison;Lewis;alison.lewis@campusnet.edu
Benjamin;Allan;benjamin.allan@campusnet.edu
Anna;Churchill;anna.churchill@campusnet.edu
Carol;Lambert;carol.lambert@campusnet.edu
Lauren;Skinner;lauren.skinner@campusnet.edu
Amy;Robertson;amy.robertson@campusnet.edu
Samantha;Greene;samantha.greene@campusnet.edu
Jessica;Powell;jessica.powell@campusnet.edu
Stewart;Hemmings;stewart.hemmings@campusnet.edu
Julian;Ogden;julian.ogden@campusnet.edu
Sonia;Rees;sonia.rees@campusnet.edu
Gordon;Bell;gordon.bell@campusnet.edu
Lily;Ferguson;lily.ferguson@campusnet.edu